run_id,start_ts,end_ts,duration_s,num_samples,kp,ki,kd,mse
run_1774285139_3dae6b20,1774285141.185227,1774285537.3900201,396.204793214798,141,6.0,200.0,5.0,156.19780509051654
