run_id,start_ts,end_ts,duration_s,num_samples,kp,ki,kd,mse
run_1774291963_221f4426,1774291964.7426214,1774292561.4417024,596.6990809440613,210,18.0,200.0,5.0,326.65083605390197
