run_id,start_ts,end_ts,duration_s,num_samples,kp,ki,kd,mse
run_1774306445_f7f0bc90,1774306446.6790798,1774307343.0060813,896.3270015716553,336,25.0,1000.0,20.0,141.98324730782406
