run_id,start_ts,end_ts,duration_s,num_samples,kp,ki,kd,mse
run_1774302494_9cf508b8,1774302495.9449127,1774303393.7689118,897.8239991664886,355,6.0,1000.0,20.0,149.33535580831236
