run_id,start_ts,end_ts,duration_s,num_samples,kp,ki,kd,mse,start_temp_measured,target_temp_measured,delta_temp_measured,cost,tail_mae,overshoot,time_on_wrong_side,max_wrong_side_dev,settle_fraction,tail_start_index,target,start_temp_from_cost,direction,status
run_1775465579_aa8a0ab8,1775465580.9156232,1775466778.8841474,1197.9685242176056,472,6.0,981.0,11.0,450.88219039098396,19.99725341796875,-20.0,39.99725341796875,14.361836566400015,0.7416018486022949,0.8765830993652344,296.81277084350586,0.8765830993652344,0.10714285714285714,332,-20.0,19.99725341796875,1.0,completed
