{
  "run_summary": {
    "run_id": "run_1775514024_8a045a38",
    "start_ts": 1775514025.4613824,
    "end_ts": 1775514924.079062,
    "duration_s": 898.6176795959473,
    "num_samples": 357,
    "kp": 5.0,
    "ki": 981.0,
    "kd": 11.0,
    "mse": 153.11219385018424,
    "cost": 14.193716247571647,
    "tail_mae": 0.6381232698084944,
    "negative_overshoot": 0.7434768676757812,
    "time_below_0": 401.4007225036621,
    "min_temp": -0.7434768676757812,
    "tail_start_index": 180,
    "status": "completed"
  },
  "used_params": {
    "kp": 5.0,
    "ki": 981.0,
    "kd": 11.0
  },
  "objective": {
    "name": "tail_mae_plus_overshoot_plus_time_below_0",
    "near_temp": 2.0,
    "overshoot_weight": 10.0,
    "time_below_weight": 0.02
  },
  "next_suggested": {
    "kp": 6.328607609022005,
    "ki": 997.4446265803141,
    "kd": 16.032264624602597
  },
  "files": {
    "samples_csv": "history\\run_1775514024_8a045a38\\bo_samples.csv",
    "runs_csv": "history\\run_1775514024_8a045a38\\bo_runs.csv",
    "all_runs_csv": "history/bo_all_runs.csv",
    "model_out": "history/bo_gp_model.pkl",
    "next_out": "history/bo_next_params.json",
    "params_history": "history/bo_params_history.json"
  }
}