{
  "run_summary": {
    "run_id": "run_1775838407_4f10b474",
    "start_ts": 1775838409.0122268,
    "end_ts": 1775839307.568762,
    "duration_s": 898.556535243988,
    "num_samples": 351,
    "kp": 6.0,
    "ki": 997.0,
    "kd": 16.0,
    "mse": 183.35769745045314,
    "cost": 17.537285342574737,
    "tail_mae": 0.8021711367039592,
    "negative_overshoot": 0.9637908935546875,
    "time_below_0": 372.3092670440674,
    "min_temp": -0.9637908935546875,
    "tail_start_index": 188,
    "status": "completed"
  },
  "used_params": {
    "kp": 6.0,
    "ki": 997.0,
    "kd": 16.0
  },
  "objective": {
    "name": "tail_mae_plus_overshoot_plus_time_below_0",
    "near_temp": 2.0,
    "overshoot_weight": 10.0,
    "time_below_weight": 0.02
  },
  "next_suggested": {
    "kp": 6.004752299240986,
    "ki": 208.7689783393599,
    "kd": 9.117132035333467
  },
  "files": {
    "samples_csv": "history\\run_1775838407_4f10b474\\bo_samples.csv",
    "runs_csv": "history\\run_1775838407_4f10b474\\bo_runs.csv",
    "all_runs_csv": "history/bo_all_runs.csv",
    "model_out": "history/bo_gp_model.pkl",
    "next_out": "history/bo_next_params.json",
    "params_history": "history/bo_params_history.json"
  }
}