run_id,start_ts,end_ts,duration_s,num_samples,kp,ki,kd,mse
run_1775509741_3f45809c,1775509742.737574,1775510640.6650944,897.927520275116,358,5.0,981.0,11.0,235.0503334837207
