{
  "run_summary": {
    "run_id": "run_1775516417_180b6a6a",
    "start_ts": 1775516418.731826,
    "end_ts": 1775517315.170143,
    "duration_s": 896.438316822052,
    "num_samples": 357,
    "kp": 6.0,
    "ki": 997.0,
    "kd": 16.0,
    "mse": 179.60146088425333,
    "cost": 13.991379631104403,
    "tail_mae": 0.6367847974910292,
    "negative_overshoot": 0.7434768676757812,
    "time_below_0": 391.3508152961731,
    "min_temp": -0.7434768676757812,
    "tail_start_index": 185,
    "status": "completed"
  },
  "used_params": {
    "kp": 6.0,
    "ki": 997.0,
    "kd": 16.0
  },
  "objective": {
    "name": "tail_mae_plus_overshoot_plus_time_below_0",
    "near_temp": 2.0,
    "overshoot_weight": 10.0,
    "time_below_weight": 0.02
  },
  "next_suggested": {
    "kp": 6.787222519466912,
    "ki": 224.6363329487198,
    "kd": 15.513428844511692
  },
  "files": {
    "samples_csv": "history\\run_1775516417_180b6a6a\\bo_samples.csv",
    "runs_csv": "history\\run_1775516417_180b6a6a\\bo_runs.csv",
    "all_runs_csv": "history/bo_all_runs.csv",
    "model_out": "history/bo_gp_model.pkl",
    "next_out": "history/bo_next_params.json",
    "params_history": "history/bo_params_history.json"
  }
}