{
  "run_summary": {
    "run_id": "run_1774494142_da50d843",
    "start_ts": 1774494143.6876519,
    "end_ts": 1774495040.9981902,
    "duration_s": 897.3105382919312,
    "num_samples": 364,
    "kp": 24.0,
    "ki": 782.0,
    "kd": 15.0,
    "mse": 190.49996095059979
  },
  "used_params": {
    "kp": 24.0,
    "ki": 782.0,
    "kd": 15.0
  },
  "objective": "MSE(setpoint - temp)",
  "next_suggested": {
    "kp": 24.998422155404324,
    "ki": 700.7344455095915,
    "kd": 6.350915754208163
  },
  "files": {
    "samples_csv": "history\\run_1774494142_da50d843\\bo_samples.csv",
    "runs_csv": "history\\run_1774494142_da50d843\\bo_runs.csv",
    "model_out": "history\\bo_gp_model.pkl",
    "next_out": "history/bo_next_params.json",
    "params_history": "history/bo_params_history.json"
  }
}