{
  "run_summary": {
    "run_id": "run_1774479752_5ad35a52",
    "start_ts": 1774479753.4265869,
    "end_ts": 1774480555.9002938,
    "duration_s": 802.4737069606781,
    "num_samples": 280,
    "kp": 24.0,
    "ki": 993.0,
    "kd": 7.0,
    "mse": 297.5669641433175
  },
  "used_params": {
    "kp": 24.0,
    "ki": 993.0,
    "kd": 7.0
  },
  "objective": "MSE(setpoint - temp)",
  "files": {
    "samples_csv": "history\\run_1774479752_5ad35a52\\bo_samples.csv",
    "runs_csv": "history\\run_1774479752_5ad35a52\\bo_runs.csv",
    "model_out": "history\\run_1774479752_5ad35a52\\bo_gp_model.pkl"
  }
}