run_id,start_ts,end_ts,duration_s,num_samples,kp,ki,kd,mse,start_temp_measured,target_temp_measured,delta_temp_measured,cost,tail_mae,overshoot,time_on_wrong_side,max_wrong_side_dev,settle_fraction,tail_start_index,target,start_temp_from_cost,direction,status
run_1775495459_6fe9c0f8,1775495460.7104967,1775496959.2599037,1498.54940700531,584,6.0,981.0,11.0,10.069772695451872,-5.146799564361572,15.0,-20.146799564361572,12.431964915869909,0.7228368261586064,0.9613914489746094,123.31964540481567,0.9613914489746094,0.2971014492753623,32,15.0,-5.146799564361572,-1.0,completed
