run_id,start_ts,end_ts,duration_s,num_samples,kp,ki,kd,mse,start_temp_measured,target_temp_measured,delta_temp_measured,cost,tail_mae,overshoot,time_on_wrong_side,max_wrong_side_dev,settle_fraction,tail_start_index,target,start_temp_from_cost,direction,status
run_1775499686_bef5117a,1775499688.0026348,1775501185.2783263,1497.2756915092468,565,6.0,981.0,11.0,83.07589725729797,-22.720211029052734,25.0,-47.720211029052734,22.531447234509052,0.21021761536127023,0.8169765472412109,782.3361415863037,0.8169765472412109,0.8715415019762845,59,25.0,-22.720211029052734,-1.0,completed
