run_id,start_ts,end_ts,duration_s,num_samples,kp,ki,kd,mse
run_1774316927_61cc30da,1774316929.058406,1774317825.4937887,896.435382604599,303,25.0,500.0,20.0,190.36362624967282
