run_id,start_ts,end_ts,duration_s,num_samples,kp,ki,kd,mse,start_temp_measured,target_temp_measured,delta_temp_measured,cost,tail_mae,overshoot,time_on_wrong_side,max_wrong_side_dev,settle_fraction,tail_start_index,target,start_temp_from_cost,direction,status
run_1775497641_1e7c8d14,1775497642.971825,1775499140.7679014,1497.7960765361786,565,6.0,981.0,11.0,312.98200225314656,14.809318542480469,-23.0,37.80931854248047,21.637376258698474,0.6208796759908514,0.8975334167480469,648.0417120456696,0.8975334167480469,0.41472868217054265,307,-23.0,14.809318542480469,1.0,completed
