run_id,start_ts,end_ts,duration_s,num_samples,kp,ki,kd,mse
run_1774299259_5eb87608,1774299261.1636531,1774300158.0399132,896.8762600421906,357,6.0,1000.0,5.0,155.88855840815248
