{
  "run_summary": {
    "run_id": "run_1774482215_cd8c2176",
    "start_ts": 1774482216.3251212,
    "end_ts": 1774483109.6768107,
    "duration_s": 893.3516895771027,
    "num_samples": 223,
    "kp": 24.0,
    "ki": 993.0,
    "kd": 7.0,
    "mse": 227.54397097278428
  },
  "used_params": {
    "kp": 24.0,
    "ki": 993.0,
    "kd": 7.0
  },
  "objective": "MSE(setpoint - temp)",
  "next_suggested": {
    "kp": 24.99993856770373,
    "ki": 489.82657728203066,
    "kd": 13.78764570492576
  },
  "files": {
    "samples_csv": "history\\run_1774482215_cd8c2176\\bo_samples.csv",
    "runs_csv": "history\\run_1774482215_cd8c2176\\bo_runs.csv",
    "model_out": "history\\bo_gp_model.pkl",
    "next_out": "history/bo_next_params.json",
    "params_history": "history/bo_params_history.json"
  }
}